Chromosome,Position,A/J,C57BL/6J,129S1/SvImJ,NOD/ShiLtJ,NZO/HlLtJ,CAST/EiJ,PWK/PhJ,WSB/EiJ,CC004/TauUnc,Founder,Founder
1,3409090,C,C,A,A,C,A,A,A,A,PWK/PhJ,PWK/PhJ
1,3427467,A,A,A,A,A,G,G,A,G,PWK/PhJ,PWK/PhJ
1,3439034,C,C,T,T,C,C,C,T,C,PWK/PhJ,PWK/PhJ
1,3668628,A,G,G,G,G,A,A,G,A,PWK/PhJ,PWK/PhJ
1,4504223,G,G,G,G,G,A,G,A,G,PWK/PhJ,PWK/PhJ
1,4744395,T,T,T,T,T,G,T,G,T,PWK/PhJ,PWK/PhJ
1,5069641,A,A,A,A,A,G,A,A,A,PWK/PhJ,PWK/PhJ
1,5149169,T,G,T,G,T,G,T,T,T,PWK/PhJ,PWK/PhJ
1,7698048,A,G,A,A,A,G,G,G,G,PWK/PhJ,PWK/PhJ
1,8277576,A,G,A,A,A,A,A,G,A,PWK/PhJ,PWK/PhJ
1,8554130,T,G,G,G,G,G,G,G,G,PWK/PhJ,PWK/PhJ
1,9549819,C,T,C,C,C,C,C,C,C,PWK/PhJ,PWK/PhJ
1,9553973,A,A,G,G,A,G,G,A,G,PWK/PhJ,PWK/PhJ
1,9843988,T,C,T,C,T,T,T,C,T,PWK/PhJ,PWK/PhJ
1,10325610,C,C,C,C,C,T,C,C,C,PWK/PhJ,PWK/PhJ
1,10757298,T,C,T,T,T,C,C,C,C,PWK/PhJ,PWK/PhJ
1,11068783,A,C,A,C,A,C,A,C,A,PWK/PhJ,PWK/PhJ
1,11736567,C,T,C,C,C,T,T,T,T,PWK/PhJ,PWK/PhJ
1,11954630,A,A,G,A,A,G,G,G,G,PWK/PhJ,PWK/PhJ
1,12397782,T,T,T,T,T,C,T,C,T,PWK/PhJ,PWK/PhJ
1,12994801,T,T,T,T,C,T,T,C,T,PWK/PhJ,PWK/PhJ
1,14334166,A,G,A,A,A,G,G,G,A,129S1/SvImJ,129S1/SvImJ
1,14622203,C,T,T,C,C,T,C,T,T,129S1/SvImJ,129S1/SvImJ
1,15558147,C,T,C,C,C,T,C,C,C,129S1/SvImJ,129S1/SvImJ
1,16342189,C,T,C,C,T,T,T,C,C,129S1/SvImJ,129S1/SvImJ
1,17316310,A,A,C,A,C,A,C,A,C,129S1/SvImJ,129S1/SvImJ
1,17753014,C,C,T,C,C,T,T,C,T,129S1/SvImJ,129S1/SvImJ
1,18309936,A,A,C,A,A,A,A,A,C,129S1/SvImJ,129S1/SvImJ
1,18616479,G,G,G,G,A,A,A,A,G,129S1/SvImJ,129S1/SvImJ
1,18865665,C,C,T,C,T,T,T,T,T,129S1/SvImJ,129S1/SvImJ
1,19328374,C,A,A,C,A,C,C,C,A,129S1/SvImJ,129S1/SvImJ
1,20640694,A,G,A,A,A,G,A,G,A,129S1/SvImJ,129S1/SvImJ
1,20679054,G,A,A,A,A,A,A,A,A,129S1/SvImJ,129S1/SvImJ
1,21025609,G,A,A,G,G,G,G,A,A,129S1/SvImJ,129S1/SvImJ
1,21636124,G,A,G,A,G,G,G,A,G,129S1/SvImJ,129S1/SvImJ
1,21911249,C,C,T,C,C,C,C,C,T,129S1/SvImJ,129S1/SvImJ
1,22050242,G,A,G,A,G,G,G,G,G,129S1/SvImJ,129S1/SvImJ
1,22374308,G,C,C,G,C,C,C,C,C,129S1/SvImJ,129S1/SvImJ
1,23112999,T,T,T,T,T,C,C,T,T,129S1/SvImJ,129S1/SvImJ
1,23711831,A,G,G,A,A,G,G,A,G,129S1/SvImJ,129S1/SvImJ
1,24004775,A,C,C,A,A,A,C,A,C,129S1/SvImJ,129S1/SvImJ
1,25697943,A,A,G,A,G,G,G,A,G,129S1/SvImJ,129S1/SvImJ
1,27569004,C,C,T,C,C,C,C,C,T,129S1/SvImJ,129S1/SvImJ
1,27722959,T,C,C,T,C,T,C,C,C,129S1/SvImJ,129S1/SvImJ
1,28610405,A,A,C,A,C,C,A,C,C,129S1/SvImJ,129S1/SvImJ
1,29230010,C,A,C,C,A,A,A,C,C,129S1/SvImJ,129S1/SvImJ
1,29263597,G,A,G,G,A,G,G,G,G,129S1/SvImJ,129S1/SvImJ
1,29982834,G,A,A,G,A,A,A,A,A,129S1/SvImJ,129S1/SvImJ
1,30009620,C,T,C,C,T,T,C,C,C,129S1/SvImJ,129S1/SvImJ
1,30658791,A,A,A,A,T,A,A,A,A,129S1/SvImJ,129S1/SvImJ
1,30815639,T,C,C,T,C,C,T,C,C,129S1/SvImJ,129S1/SvImJ
1,31857418,A,A,A,A,G,G,G,A,A,129S1/SvImJ,129S1/SvImJ
1,32864214,G,G,G,A,G,A,G,A,G,129S1/SvImJ,129S1/SvImJ
1,33371703,A,G,G,G,A,G,A,G,G,129S1/SvImJ,129S1/SvImJ
1,33763797,A,G,A,A,A,G,G,G,A,129S1/SvImJ,129S1/SvImJ
1,35152984,C,T,C,C,C,C,T,C,C,129S1/SvImJ,129S1/SvImJ
1,35512780,G,G,A,G,G,G,G,G,A,129S1/SvImJ,129S1/SvImJ
1,35612876,G,A,A,A,G,A,G,G,A,129S1/SvImJ,129S1/SvImJ
1,36410619,C,T,T,T,C,T,T,C,T,129S1/SvImJ,129S1/SvImJ
1,36576417,C,T,T,T,C,T,C,C,T,129S1/SvImJ,129S1/SvImJ
1,36827331,A,C,C,A,A,C,C,A,C,129S1/SvImJ,129S1/SvImJ
1,36911745,A,C,C,A,C,C,C,A,C,129S1/SvImJ,129S1/SvImJ
1,37639250,G,G,T,G,T,T,G,G,T,129S1/SvImJ,129S1/SvImJ
1,37907046,G,A,A,G,A,A,G,A,A,129S1/SvImJ,129S1/SvImJ
1,38293007,A,A,A,A,G,A,A,G,A,129S1/SvImJ,129S1/SvImJ
1,38973121,G,A,G,G,G,G,G,G,G,129S1/SvImJ,129S1/SvImJ
1,39014729,G,A,A,G,A,G,A,A,A,129S1/SvImJ,129S1/SvImJ
1,39118826,C,C,C,C,T,C,T,C,C,129S1/SvImJ,129S1/SvImJ
1,39153574,G,A,A,A,G,A,G,A,A,129S1/SvImJ,129S1/SvImJ
1,39633126,C,T,C,C,C,T,C,T,C,129S1/SvImJ,129S1/SvImJ
1,40827603,G,A,A,A,A,G,G,A,A,129S1/SvImJ,129S1/SvImJ
1,41477940,G,A,A,A,A,G,G,G,G,A/J,A/J
1,42287372,A,G,G,G,G,G,G,A,A,A/J,A/J
1,43131417,A,A,G,G,G,G,G,G,A,A/J,A/J
1,43252853,G,G,G,A,G,A,A,A,G,A/J,A/J
1,44106513,A,G,G,A,G,A,A,A,A,A/J,A/J
1,45598788,C,T,C,T,C,C,T,T,C,A/J,A/J
1,46020928,A,A,A,A,A,G,G,G,A,A/J,A/J
1,46291623,T,G,T,G,G,G,G,G,T,A/J,A/J
1,47270468,A,G,G,A,A,G,A,A,A,A/J,A/J
1,48158243,T,G,G,G,G,G,G,G,T,A/J,A/J
1,48405811,T,C,C,T,T,C,C,C,T,A/J,A/J
1,48729521,A,G,G,A,A,G,G,A,A,A/J,A/J
1,49480654,C,C,C,C,C,T,T,C,C,A/J,A/J
1,50463537,T,T,G,T,T,G,G,G,T,A/J,A/J
1,50980304,C,C,C,C,C,A,C,C,C,A/J,A/J
1,51064876,A,G,G,A,G,G,G,G,A,A/J,A/J
1,51530355,C,C,T,T,C,C,T,T,C,A/J,A/J
1,52186689,A,A,A,A,A,G,G,G,A,A/J,A/J
1,52470794,T,T,T,G,G,G,G,T,T,A/J,A/J
1,52561170,C,C,C,T,T,C,C,C,C,A/J,A/J
1,52869070,G,G,G,A,A,G,G,A,A,WSB/EiJ,WSB/EiJ
1,53633499,G,G,G,A,A,A,A,G,G,WSB/EiJ,WSB/EiJ
1,54582512,C,C,C,C,A,A,A,A,A,WSB/EiJ,WSB/EiJ
1,54855699,A,A,A,A,C,A,C,C,C,WSB/EiJ,WSB/EiJ
1,56042782,G,G,G,T,T,T,T,T,T,WSB/EiJ,WSB/EiJ
1,56101442,A,A,A,A,A,G,G,G,G,WSB/EiJ,WSB/EiJ
1,56576620,T,T,T,C,T,C,C,T,T,WSB/EiJ,WSB/EiJ
1,57358576,G,G,G,A,G,A,A,G,G,WSB/EiJ,WSB/EiJ
1,58184930,A,A,A,A,A,G,G,G,G,WSB/EiJ,WSB/EiJ
1,58523233,T,T,T,T,C,C,C,T,T,WSB/EiJ,WSB/EiJ
1,59995627,A,A,A,C,C,C,C,C,C,WSB/EiJ,WSB/EiJ
1,60400655,A,A,A,G,G,G,A,G,G,WSB/EiJ,WSB/EiJ
1,60761817,G,G,G,A,A,A,G,G,G,WSB/EiJ,WSB/EiJ
1,61312969,C,C,C,C,C,C,T,C,C,WSB/EiJ,WSB/EiJ
1,62719241,A,G,A,A,A,A,G,A,A,WSB/EiJ,WSB/EiJ
1,63003989,T,T,T,T,T,C,C,C,C,WSB/EiJ,WSB/EiJ
1,64378809,G,A,G,G,G,G,A,G,G,WSB/EiJ,WSB/EiJ
1,64700440,C,T,T,T,T,T,T,T,T,WSB/EiJ,WSB/EiJ
1,65504911,C,T,C,C,T,C,C,C,C,WSB/EiJ,WSB/EiJ
1,65738101,G,A,G,G,A,G,G,G,G,WSB/EiJ,WSB/EiJ
1,66437231,A,G,G,A,G,A,G,A,A,WSB/EiJ,WSB/EiJ
1,66943552,A,G,G,A,A,G,G,A,A,WSB/EiJ,WSB/EiJ
1,67749123,A,G,A,A,A,G,G,G,A,A/J,A/J
1,68813136,C,T,C,C,C,C,T,T,C,A/J,A/J
1,68950024,G,A,G,G,G,A,A,G,G,A/J,A/J
1,68987254,A,G,A,A,A,A,A,A,A,A/J,A/J
1,69313994,T,C,T,T,T,T,T,T,T,A/J,A/J
1,69575211,T,T,T,T,T,G,G,G,T,A/J,A/J
1,71165438,T,T,T,T,T,C,C,T,T,A/J,A/J
1,71974016,T,C,C,C,C,C,T,T,T,A/J,A/J
1,73663429,T,C,C,C,C,C,C,T,T,A/J,A/J
1,74066657,C,C,A,C,A,A,C,C,C,A/J,A/J
1,74428797,G,G,A,A,A,G,G,A,G,A/J,A/J
1,74916505,C,T,C,C,C,C,C,C,C,A/J,A/J
1,75325708,A,A,G,A,A,A,A,A,A,A/J,A/J
1,75486756,A,G,A,A,A,A,A,A,A,A/J,A/J
1,75978380,C,C,T,C,C,C,C,C,C,A/J,A/J
1,76000421,T,C,C,C,C,T,T,C,T,A/J,A/J
1,76148253,T,C,T,T,C,C,T,T,T,A/J,A/J
1,76703258,G,A,G,A,G,G,G,A,G,A/J,A/J
1,76932974,A,G,A,G,A,G,G,A,A,A/J,A/J
1,76973478,T,C,T,C,T,C,C,T,T,A/J,A/J
1,77203778,C,C,T,C,T,T,T,T,C,A/J,A/J
1,77238600,T,C,C,T,T,T,T,T,T,A/J,A/J
1,77598775,T,T,C,T,T,C,C,T,T,A/J,A/J
1,78083320,T,C,C,C,T,T,T,C,T,A/J,A/J
1,78486797,C,T,C,C,C,C,C,C,C,A/J,A/J
1,78538341,G,A,G,A,A,G,G,G,G,A/J,A/J
1,79223560,G,T,T,G,T,T,G,T,G,A/J,A/J
1,79469566,G,A,G,G,G,G,G,G,G,A/J,A/J
1,80110429,A,A,A,G,G,G,G,G,A,A/J,A/J
1,80250007,C,C,C,T,T,T,T,T,C,A/J,A/J
1,80507139,G,G,G,G,A,A,G,A,G,A/J,A/J
1,81320511,A,C,A,C,C,A,A,A,A,A/J,A/J
1,82629781,A,A,A,G,A,G,G,G,A,A/J,A/J
1,84468139,G,G,G,T,G,T,T,G,G,A/J,A/J
1,84908968,C,C,C,C,C,C,T,C,C,A/J,A/J
1,86000814,G,A,G,A,G,G,A,A,G,A/J,A/J
1,87579607,A,C,A,A,A,A,C,C,A,A/J,A/J
1,88655763,C,T,C,C,C,T,C,T,C,A/J,A/J
1,88955170,A,G,A,A,A,G,G,G,A,A/J,A/J
1,89691128,G,G,G,G,G,A,A,A,G,A/J,A/J
1,90057344,A,A,A,A,A,C,C,A,A,A/J,A/J
1,90398581,A,A,G,A,G,G,G,A,A,A/J,A/J
1,90422690,T,T,C,T,C,C,C,T,T,A/J,A/J
1,90609370,C,T,C,C,C,C,C,C,C,A/J,A/J
1,90799394,T,T,C,T,C,T,T,C,T,A/J,A/J
1,90822253,G,G,A,G,A,G,G,A,G,A/J,A/J
1,91097803,T,T,T,C,T,C,T,T,T,A/J,A/J
1,91383704,C,T,T,T,T,C,C,T,C,A/J,A/J
1,91623555,G,G,G,A,G,G,G,A,G,A/J,A/J
1,92116262,A,G,G,G,G,G,G,G,A,A/J,A/J
1,92373273,A,A,A,A,G,G,G,G,A,A/J,A/J
1,93003253,A,G,A,G,A,G,G,G,A,A/J,A/J
1,93673229,G,A,A,G,A,G,A,G,G,A/J,A/J
1,93787372,C,C,C,T,C,C,C,C,C,A/J,A/J
1,95217425,T,G,G,G,G,G,G,G,T,A/J,A/J
1,95247274,T,T,G,G,G,T,T,G,T,A/J,A/J
1,95752633,A,A,C,C,A,A,A,C,A,A/J,A/J
1,96731552,G,G,A,A,A,G,G,A,G,A/J,A/J
1,97626757,C,C,C,C,C,T,T,T,C,A/J,A/J
1,97954725,A,A,A,A,A,G,G,G,A,A/J,A/J
1,98864978,T,T,C,C,T,C,C,C,T,A/J,A/J
1,99488488,G,G,A,A,G,G,A,G,G,A/J,A/J
1,100264323,A,A,C,C,A,C,C,A,A,A/J,A/J
1,101445475,G,G,G,G,G,A,G,G,G,A/J,A/J
1,102042988,G,T,G,G,G,G,G,G,G,A/J,A/J
1,103143123,C,C,C,C,C,T,T,C,C,A/J,A/J
1,103673765,T,T,T,T,T,C,C,T,T,A/J,A/J
1,104282500,G,G,A,A,G,G,G,A,G,A/J,A/J
1,104997043,T,T,G,G,T,G,G,G,T,A/J,A/J
1,105450239,G,A,A,A,G,G,G,G,G,A/J,A/J
1,105911284,A,A,G,G,A,G,G,A,A,A/J,A/J
1,106344762,G,G,A,G,G,G,G,G,G,A/J,A/J
1,107361906,G,G,G,G,A,A,G,G,G,A/J,A/J
1,107852632,C,T,T,T,T,T,T,T,C,A/J,A/J
1,107972961,C,C,T,C,C,C,T,C,C,A/J,A/J
1,108457079,T,T,C,C,T,T,C,T,T,A/J,A/J
1,108710856,A,C,C,C,C,A,C,A,A,A/J,A/J
1,109512395,A,A,G,A,A,G,G,A,A,A/J,A/J
1,110079486,T,C,T,C,C,C,T,T,T,A/J,A/J
1,112486389,A,A,A,A,G,A,G,A,A,A/J,A/J
1,113219068,C,C,C,T,C,C,T,C,C,A/J,A/J
1,113834083,C,T,C,T,C,C,C,T,C,A/J,A/J
1,114455470,A,A,A,A,A,G,G,G,A,A/J,A/J
1,115134891,A,G,A,G,A,A,G,G,A,A/J,A/J
1,115285872,T,C,T,C,T,C,T,T,T,A/J,A/J
1,116183610,T,T,G,T,T,T,G,G,T,A/J,A/J
1,116240354,T,T,C,T,T,C,C,C,T,A/J,A/J
1,116794533,C,T,T,C,C,C,C,C,C,A/J,A/J
1,117117484,C,A,C,C,C,A,A,A,C,A/J,A/J
1,118715542,A,A,G,A,A,G,G,G,A,A/J,A/J
1,119417051,A,G,G,G,G,G,G,G,A,A/J,A/J
1,119681797,G,G,G,G,G,T,T,G,G,A/J,A/J
1,121063201,G,A,G,G,A,A,G,A,G,A/J,A/J
1,121976493,A,C,A,A,A,C,C,C,A,A/J,A/J
1,122634011,A,A,G,G,A,G,A,A,A,A/J,A/J
1,123301336,C,T,C,T,C,C,T,T,C,A/J,A/J
1,124548738,C,C,T,C,T,T,C,T,C,A/J,A/J
1,124554513,T,T,T,C,T,T,C,C,T,A/J,A/J
1,125765595,C,C,C,T,T,C,C,C,C,A/J,A/J
1,125851763,G,A,G,G,G,G,G,A,G,A/J,A/J
1,125892040,T,C,T,C,C,C,C,C,T,A/J,A/J
1,126353960,T,C,T,T,T,C,T,C,T,A/J,A/J
1,126399207,G,G,A,G,G,G,G,G,G,A/J,A/J
1,127006951,G,A,G,A,G,A,G,A,G,A/J,A/J
1,127477857,G,A,G,A,A,A,G,A,G,A/J,A/J
1,128627956,G,A,G,A,G,A,G,G,G,A/J,A/J
1,129134427,T,T,T,C,T,T,C,C,T,A/J,A/J
1,129809947,G,G,G,G,G,T,T,T,G,A/J,A/J
1,129943219,C,C,C,C,C,C,T,C,C,A/J,A/J
1,130593230,C,C,C,T,C,C,T,T,C,A/J,A/J
1,131402231,A,A,A,A,A,G,G,G,A,A/J,A/J
1,132786434,C,C,C,C,C,T,C,C,C,C57BL/6J,C57BL/6J
1,133403330,C,C,C,T,C,T,C,C,C,C57BL/6J,C57BL/6J
1,134525658,C,T,C,C,C,C,T,C,T,C57BL/6J,C57BL/6J
1,134859002,G,T,G,G,G,G,G,G,T,C57BL/6J,C57BL/6J
1,135464050,A,A,A,G,G,A,A,G,A,C57BL/6J,C57BL/6J
1,135570442,G,A,G,G,G,G,A,G,A,C57BL/6J,C57BL/6J
1,135816613,T,C,C,T,C,T,C,T,C,C57BL/6J,C57BL/6J
1,136302702,C,T,C,C,C,C,C,C,T,C57BL/6J,C57BL/6J
1,136512301,C,C,T,C,C,T,C,C,C,C57BL/6J,C57BL/6J
1,136791628,A,G,G,G,G,G,G,G,G,C57BL/6J,C57BL/6J
1,137336720,A,A,G,A,A,A,G,G,A,C57BL/6J,C57BL/6J
1,137780191,C,T,T,T,T,C,T,C,T,C57BL/6J,C57BL/6J
1,138006890,G,A,A,A,A,G,G,A,A,C57BL/6J,C57BL/6J
1,138159305,A,A,A,G,A,G,G,A,A,C57BL/6J,C57BL/6J
1,138912597,C,T,T,T,T,C,C,C,T,C57BL/6J,C57BL/6J
1,139096750,G,A,A,A,A,A,A,G,A,C57BL/6J,C57BL/6J
1,139478830,C,T,T,T,T,C,C,T,T,C57BL/6J,C57BL/6J
1,140294459,A,C,A,A,C,C,A,A,C,C57BL/6J,C57BL/6J
1,141114407,T,T,T,T,C,C,T,C,T,C57BL/6J,C57BL/6J
1,142266250,T,C,T,C,C,T,T,C,C,C57BL/6J,C57BL/6J
1,142923794,A,G,G,G,G,A,A,G,G,C57BL/6J,C57BL/6J
1,144549292,C,A,C,C,C,C,C,C,A,C57BL/6J,C57BL/6J
1,144629784,T,C,T,T,T,C,C,T,C,C57BL/6J,C57BL/6J
1,145394499,A,A,G,A,G,A,A,G,A,C57BL/6J,C57BL/6J
1,146189462,G,G,A,G,A,A,A,G,G,C57BL/6J,C57BL/6J
1,146566292,C,C,T,C,T,T,T,C,C,C57BL/6J,C57BL/6J
1,146782668,G,G,A,G,A,G,G,G,G,C57BL/6J,C57BL/6J
1,147258865,C,T,T,C,T,C,T,C,T,C57BL/6J,C57BL/6J
1,147699660,T,T,T,T,T,T,C,T,T,C57BL/6J,C57BL/6J
1,148717254,G,A,G,G,G,G,G,G,A,C57BL/6J,C57BL/6J
1,149037613,G,A,A,G,A,A,G,A,A,C57BL/6J,C57BL/6J
1,149617805,A,C,C,C,C,C,C,A,C,C57BL/6J,C57BL/6J
1,151111612,C,A,A,C,A,C,C,A,A,C57BL/6J,C57BL/6J
1,151155081,T,T,C,T,C,C,C,C,T,C57BL/6J,C57BL/6J
1,151418631,A,A,A,G,A,A,A,G,A,C57BL/6J,C57BL/6J
1,152618258,C,C,T,C,C,C,C,T,C,C57BL/6J,C57BL/6J
1,152859436,C,T,T,T,T,T,T,T,T,C57BL/6J,C57BL/6J
1,153328652,T,T,T,C,T,T,C,C,T,C57BL/6J,C57BL/6J
1,153744607,T,T,T,T,T,G,G,T,T,C57BL/6J,C57BL/6J
1,153865066,T,T,T,T,T,G,G,G,T,C57BL/6J,C57BL/6J
1,155045889,T,T,T,T,T,C,T,C,T,C57BL/6J,C57BL/6J
1,155809090,G,G,G,A,G,G,G,G,G,C57BL/6J,C57BL/6J
1,155985673,G,A,A,G,A,G,G,A,A,C57BL/6J,C57BL/6J
1,157132066,A,A,G,G,A,A,A,G,A,C57BL/6J,C57BL/6J
1,157672910,C,C,C,C,T,T,C,T,C,C57BL/6J,C57BL/6J
1,157991005,A,A,A,A,G,A,G,A,A,C57BL/6J,C57BL/6J
1,158293068,A,A,A,A,G,G,G,A,A,C57BL/6J,C57BL/6J
1,158295053,C,C,C,C,A,C,A,A,C,C57BL/6J,C57BL/6J
1,158323360,A,A,A,A,C,C,A,A,A,C57BL/6J,C57BL/6J
1,158663689,A,A,A,G,A,G,G,G,A,C57BL/6J,C57BL/6J
1,158717589,G,G,G,G,G,A,A,G,G,C57BL/6J,C57BL/6J
1,159383312,C,T,C,C,C,C,C,C,T,C57BL/6J,C57BL/6J
1,159835806,G,A,G,A,G,G,A,G,A,C57BL/6J,C57BL/6J
1,159861726,C,C,C,C,C,C,T,C,C,C57BL/6J,C57BL/6J
1,160224951,A,A,A,A,A,A,G,A,A,C57BL/6J,C57BL/6J
1,160437728,C,C,C,C,C,C,T,C,C,C57BL/6J,C57BL/6J
1,160737074,A,G,A,G,A,G,A,G,G,C57BL/6J,C57BL/6J
1,160834897,C,A,C,C,C,C,C,C,A,C57BL/6J,C57BL/6J
1,161113306,A,G,A,G,G,G,G,G,G,C57BL/6J,C57BL/6J
1,161136639,T,C,T,C,C,C,C,C,C,C57BL/6J,C57BL/6J
1,161585957,C,C,T,C,C,C,T,T,C,C57BL/6J,C57BL/6J
1,162338156,A,A,A,A,C,C,C,C,A,C57BL/6J,C57BL/6J
1,163082817,A,G,A,G,G,G,A,A,G,C57BL/6J,C57BL/6J
1,164111400,G,G,G,A,G,A,G,G,G,C57BL/6J,C57BL/6J
1,164295019,T,T,T,C,T,C,C,T,T,C57BL/6J,C57BL/6J
1,164443734,G,G,G,G,G,G,G,A,G,C57BL/6J,C57BL/6J
1,165212492,A,A,A,G,A,G,G,G,A,C57BL/6J,C57BL/6J
1,165602275,G,G,A,G,G,A,A,G,G,C57BL/6J,C57BL/6J
1,166799244,G,G,G,A,G,A,A,G,G,C57BL/6J,C57BL/6J
1,167677390,C,T,C,C,C,C,C,C,T,C57BL/6J,C57BL/6J
1,168495457,C,T,C,C,C,C,T,C,T,C57BL/6J,C57BL/6J
1,168531538,G,G,A,G,A,G,A,A,G,C57BL/6J,C57BL/6J
1,169072483,G,A,G,G,G,G,A,G,A,C57BL/6J,C57BL/6J
1,169234666,C,T,C,C,C,C,T,C,T,C57BL/6J,C57BL/6J
1,169352900,G,T,G,G,T,T,T,T,T,C57BL/6J,C57BL/6J
1,169692018,G,G,T,G,G,T,G,T,G,C57BL/6J,C57BL/6J
1,169997780,G,G,A,A,A,G,G,G,G,C57BL/6J,C57BL/6J
1,170084149,C,A,C,C,C,C,C,C,A,C57BL/6J,C57BL/6J
1,170128437,C,C,T,C,C,C,C,C,C,C57BL/6J,C57BL/6J
1,170392509,C,T,T,C,C,C,T,T,T,C57BL/6J,C57BL/6J
1,172685919,A,G,A,A,A,G,G,G,A,A/J,A/J
1,172956255,A,G,A,A,A,G,A,A,A,A/J,A/J
1,173961321,G,A,G,G,G,A,G,G,G,A/J,A/J
1,174482102,G,A,A,A,G,A,A,G,G,A/J,A/J
1,174996546,T,C,T,T,C,C,C,C,T,A/J,A/J
1,176074355,A,G,G,G,A,G,A,A,G,CAST/EiJ,CAST/EiJ
1,176453142,G,G,G,G,A,A,G,G,A,CAST/EiJ,CAST/EiJ
1,176909348,G,A,G,G,G,A,A,G,A,CAST/EiJ,CAST/EiJ
1,177474820,C,C,C,C,T,T,T,C,T,CAST/EiJ,CAST/EiJ
1,177888137,G,T,T,T,G,G,G,G,G,CAST/EiJ,CAST/EiJ
1,178274751,C,A,A,A,C,C,C,C,C,CAST/EiJ,CAST/EiJ
1,179020018,C,T,T,T,C,C,T,T,C,CAST/EiJ,CAST/EiJ
1,179037607,C,T,T,T,C,T,T,C,T,CAST/EiJ,CAST/EiJ
1,179294417,G,A,A,A,G,A,A,A,A,CAST/EiJ,CAST/EiJ
1,179551740,T,T,T,T,T,G,T,G,G,CAST/EiJ,CAST/EiJ
1,180074589,A,A,A,A,G,A,A,A,A,CAST/EiJ,CAST/EiJ
1,180441833,A,A,A,A,G,G,G,G,G,CAST/EiJ,CAST/EiJ
1,180569708,T,C,C,C,C,C,T,C,C,CAST/EiJ,CAST/EiJ
1,181086598,C,T,T,T,C,T,T,C,T,CAST/EiJ,CAST/EiJ
1,181318003,C,A,C,C,C,C,C,C,C,CAST/EiJ,CAST/EiJ
1,181510678,G,A,A,A,A,A,G,A,A,CAST/EiJ,CAST/EiJ
1,182044576,A,G,G,A,A,G,G,A,G,CAST/EiJ,CAST/EiJ
1,183092429,A,A,G,A,A,G,A,A,G,CAST/EiJ,CAST/EiJ
1,184020986,A,G,A,A,G,G,G,A,G,CAST/EiJ,CAST/EiJ
1,184602143,A,A,A,A,A,G,A,A,G,CAST/EiJ,CAST/EiJ
1,185680800,A,A,G,A,A,G,G,G,G,CAST/EiJ,CAST/EiJ
1,185689482,C,T,C,C,T,C,T,C,C,CAST/EiJ,CAST/EiJ
1,185813602,T,T,C,T,T,C,C,T,C,CAST/EiJ,CAST/EiJ
1,185813680,A,A,G,A,A,G,A,A,G,CAST/EiJ,CAST/EiJ
1,186442195,G,A,A,G,A,G,A,A,G,CAST/EiJ,CAST/EiJ
1,187116521,A,G,G,A,G,A,A,A,A,CAST/EiJ,CAST/EiJ
1,187392713,A,A,C,A,A,C,C,C,C,CAST/EiJ,CAST/EiJ
1,187432339,T,G,G,T,G,G,G,T,G,CAST/EiJ,CAST/EiJ
1,188335477,A,A,C,C,C,A,C,A,A,CAST/EiJ,CAST/EiJ
1,188847965,G,G,A,G,A,A,G,G,A,CAST/EiJ,CAST/EiJ
1,188892174,C,T,C,C,C,C,C,C,C,CAST/EiJ,CAST/EiJ
1,188910165,T,T,C,C,C,T,C,T,T,CAST/EiJ,CAST/EiJ
1,189254951,T,C,T,T,C,T,C,C,T,CAST/EiJ,CAST/EiJ
1,189304410,G,G,G,G,A,A,A,G,A,CAST/EiJ,CAST/EiJ
1,189455418,A,A,A,A,A,G,A,G,G,CAST/EiJ,CAST/EiJ
1,189710695,T,T,G,T,T,G,T,G,G,CAST/EiJ,CAST/EiJ
1,189729020,T,T,C,T,T,C,C,C,C,CAST/EiJ,CAST/EiJ
1,189763068,C,T,T,C,C,T,C,T,T,CAST/EiJ,CAST/EiJ
1,189881144,A,A,A,A,A,G,G,G,G,CAST/EiJ,CAST/EiJ
1,189900389,T,C,C,T,T,C,T,T,C,CAST/EiJ,CAST/EiJ
1,189903057,C,T,T,C,C,T,C,C,T,CAST/EiJ,CAST/EiJ
1,189906474,T,C,C,T,T,C,T,T,C,CAST/EiJ,CAST/EiJ
1,189949686,G,A,A,G,G,G,G,A,G,CAST/EiJ,CAST/EiJ
1,189957174,G,A,A,G,G,G,G,G,G,CAST/EiJ,CAST/EiJ
1,189957421,G,A,A,G,G,G,G,G,G,CAST/EiJ,CAST/EiJ
1,189965120,T,C,C,T,T,C,T,T,C,CAST/EiJ,CAST/EiJ
1,190082191,T,C,C,T,C,C,C,T,C,CAST/EiJ,CAST/EiJ
1,190084128,A,G,G,A,G,A,G,A,A,CAST/EiJ,CAST/EiJ
1,190085535,T,C,C,T,C,C,C,T,C,CAST/EiJ,CAST/EiJ
1,190086090,A,G,G,A,G,G,G,A,G,CAST/EiJ,CAST/EiJ
1,190087027,T,C,C,T,C,C,C,T,C,CAST/EiJ,CAST/EiJ
1,190087891,G,A,A,G,G,G,G,G,G,CAST/EiJ,CAST/EiJ
1,190089245,T,C,C,T,T,C,T,T,C,CAST/EiJ,CAST/EiJ
1,190105925,A,G,G,A,A,G,A,A,G,CAST/EiJ,CAST/EiJ
1,190124682,C,C,T,T,T,C,T,C,C,CAST/EiJ,CAST/EiJ
1,190394209,A,A,G,G,G,A,G,A,A,CAST/EiJ,CAST/EiJ
1,190468772,A,A,C,C,C,A,C,A,A,CAST/EiJ,CAST/EiJ
1,190469788,C,T,T,T,T,T,T,T,T,CAST/EiJ,CAST/EiJ
1,190487504,A,G,G,G,G,A,G,A,A,CAST/EiJ,CAST/EiJ
1,190550021,C,C,T,T,T,C,T,C,C,CAST/EiJ,CAST/EiJ
1,190655586,A,G,G,G,G,G,G,G,G,CAST/EiJ,CAST/EiJ
1,190903349,T,C,C,C,C,T,C,C,T,CAST/EiJ,CAST/EiJ
1,191000606,A,G,G,G,G,A,G,G,A,CAST/EiJ,CAST/EiJ
1,191040279,G,A,A,A,A,G,A,A,G,CAST/EiJ,CAST/EiJ
1,191067818,A,A,C,C,C,C,C,A,C,CAST/EiJ,CAST/EiJ
1,191082535,A,G,G,G,G,A,G,A,A,CAST/EiJ,CAST/EiJ
1,191109589,C,T,T,T,T,C,T,C,C,CAST/EiJ,CAST/EiJ
1,191124263,A,A,C,C,C,A,C,A,A,CAST/EiJ,CAST/EiJ
1,191246437,T,C,C,C,C,C,C,C,C,CAST/EiJ,CAST/EiJ
1,191318844,C,T,T,T,T,C,T,T,C,CAST/EiJ,CAST/EiJ
1,191403179,G,G,A,A,A,G,A,A,G,CAST/EiJ,CAST/EiJ
1,191407676,G,T,T,T,T,G,T,T,G,CAST/EiJ,CAST/EiJ
1,191498216,G,A,A,A,A,G,A,A,G,CAST/EiJ,CAST/EiJ
1,191500242,T,G,G,G,G,T,G,T,T,CAST/EiJ,CAST/EiJ
1,191514199,C,T,T,T,T,T,T,C,T,CAST/EiJ,CAST/EiJ
1,191556153,T,T,C,C,C,T,C,T,T,CAST/EiJ,CAST/EiJ
1,191602307,C,C,T,T,T,C,T,C,C,CAST/EiJ,CAST/EiJ
1,191657427,C,C,T,C,C,C,T,T,C,CAST/EiJ,CAST/EiJ
1,191712828,A,G,G,G,G,G,G,G,G,CAST/EiJ,CAST/EiJ
1,192498891,T,C,T,T,T,C,T,T,C,CAST/EiJ,CAST/EiJ
1,192590248,A,C,A,A,A,A,A,A,A,CAST/EiJ,CAST/EiJ
1,192754891,C,C,C,C,T,C,C,T,C,CAST/EiJ,CAST/EiJ
1,192818915,G,G,G,G,T,T,G,T,T,CAST/EiJ,CAST/EiJ
1,192864042,C,C,C,C,A,A,C,A,A,CAST/EiJ,CAST/EiJ
1,192869205,G,G,G,G,A,A,G,A,A,CAST/EiJ,CAST/EiJ
1,192939520,A,A,A,A,A,G,A,A,G,CAST/EiJ,CAST/EiJ
1,192941983,A,A,A,A,C,C,A,A,C,CAST/EiJ,CAST/EiJ
1,192967389,A,A,A,A,G,G,A,G,G,CAST/EiJ,CAST/EiJ
1,193010973,A,A,A,A,G,A,A,A,A,CAST/EiJ,CAST/EiJ
1,193318232,A,A,A,A,G,G,A,A,G,CAST/EiJ,CAST/EiJ
1,193345281,G,G,G,G,A,A,G,A,A,CAST/EiJ,CAST/EiJ
1,193421248,A,G,G,A,A,G,A,G,G,CAST/EiJ,CAST/EiJ
1,193514036,A,A,A,A,G,G,A,G,G,CAST/EiJ,CAST/EiJ
1,193519214,T,C,C,T,C,C,T,T,C,CAST/EiJ,CAST/EiJ
1,193562834,T,C,C,C,C,C,T,C,C,CAST/EiJ,CAST/EiJ
1,193596481,T,C,C,T,C,C,T,C,C,CAST/EiJ,CAST/EiJ
1,193608539,C,T,T,C,T,C,C,T,C,CAST/EiJ,CAST/EiJ
1,193653881,A,G,G,A,G,A,A,G,A,CAST/EiJ,CAST/EiJ
1,193654902,G,A,A,G,A,G,G,G,G,CAST/EiJ,CAST/EiJ
1,193673297,G,A,A,G,A,G,G,G,G,CAST/EiJ,CAST/EiJ
1,193688845,A,C,C,A,C,C,A,A,C,CAST/EiJ,CAST/EiJ
1,193709621,G,A,A,A,A,A,G,G,A,CAST/EiJ,CAST/EiJ
1,193732571,T,C,C,C,C,C,T,C,C,CAST/EiJ,CAST/EiJ
1,193928056,A,G,G,A,G,A,A,A,A,CAST/EiJ,CAST/EiJ
1,194000258,C,C,C,T,C,C,C,T,C,CAST/EiJ,CAST/EiJ
1,194149219,G,A,A,G,G,G,G,G,G,CAST/EiJ,CAST/EiJ
1,194625219,C,T,T,T,C,T,T,C,T,CAST/EiJ,CAST/EiJ
1,194886567,G,G,T,G,T,T,G,T,T,CAST/EiJ,CAST/EiJ
